{
  "nb": {
    "accuracy": 0.8634146341463415,
    "macro_f1": 0.8605996255996257
  },
  "bilstm": {
    "accuracy": 0.8975609756097561,
    "macro_f1": 0.896586354821649
  }
}