ResNet50,VGGNet16,InceptionV3,ConvNeXt,EfficientNet,ResNet50_prob,VGGNet16_prob,InceptionV3_prob,ConvNeXt_prob,EfficientNet_prob,label,"ResNet50
_training time","VGGNet16
_training time","InceptionV3
_training time","ConvNeXt
_training time","EfficientNet
_training time"
tricycle,tricycle,clog,bicycle-built-for-two,tricycle,0.84685427,0.19207735,0.592905,0.2544362,0.81798655,bicycle,1.4973618984222412,0.43335390090942383,3.465972661972046,2.233356237411499,6.953240871429443
pinwheel,jellyfish,flatworm,sulphur-crested_cockatoo,bee_eater,0.69915277,0.17416811,0.9999999,0.56961906,0.3535772,bird,0.16476869583129883,0.30081748962402344,0.2954690456390381,2.5349366664886475,2.235645055770874
pinwheel,bubble,flatworm,bubble,lacewing,0.49099424,0.22225279,0.8968855,0.5924353,0.64868724,butterfly,0.29229021072387695,0.2706782817840576,0.21971988677978516,1.815582513809204,1.832188367843628
laptop,tabby,web_site,tabby,Persian_cat,0.39526984,0.20779729,1.0,0.28784898,0.49992573,cat,0.30149006843566895,0.38379979133605957,0.24824738502502441,3.7564010620117188,2.1382031440734863
hen,cock,stopwatch,hen,hen,0.50244856,0.67628247,0.58571327,0.76160324,0.6226044,chicken,0.289928674697876,0.5299079418182373,0.29024696350097656,4.033055305480957,2.2186765670776367
tennis_ball,golden_retriever,flatworm,tennis_ball,golden_retriever,0.91886157,0.5700918,0.9271685,0.2718184,0.6039146,dog,0.3751528263092041,0.6011772155761719,0.30016255378723145,3.567234992980957,1.9870939254760742
alp,sorrel,flatworm,carousel,alp,0.3787711,0.2141952,0.9859702,0.5968312,0.38357064,horse,0.3350996971130371,0.37001848220825195,0.2604529857635498,2.6048402786254883,2.2180912494659424
vase,pot,web_site,necklace,coil,0.160366,0.3724951,0.7971487,0.24575679,0.14973396,rose,0.47086286544799805,0.46109843254089355,0.4462623596191406,4.038386821746826,1.9911367893218994
balloon,Arctic_fox,clog,Arctic_fox,Arctic_fox,0.09864324,0.15921088,0.99435955,0.28604892,0.14845437,sheep,0.49102234840393066,0.3844106197357178,0.3759286403656006,4.677812576293945,2.316409111022949
picket_fence,balloon,flatworm,picket_fence,picket_fence,0.99313366,0.298547,0.9999573,0.92295045,0.7755485,woman,0.2700483798980713,0.4517996311187744,0.38403749465942383,4.498997688293457,2.4285800457000732
