{
  "test_accuracy": 0.6845637583892618,
  "test_macro_f1": 0.4838905807215666,
  "n_train": 693,
  "n_val": 149,
  "n_test": 149,
  "labels": [
    "1",
    "2",
    "3"
  ]
}