{
  "train_losses": [
    80.51839210421272,
    56.68505873022128
  ],
  "train_geo_losses": [
    89.46443793539638,
    62.983164270276276
  ],
  "train_mse_losses": [
    0.003999838538726558,
    0.0021233497584338605
  ],
  "val_losses": [
    65.74889850616455,
    62.114105796813966,
    66.4138614654541,
    59.802764892578125,
    64.38217144012451,
    59.06921939849853,
    53.501427268981935,
    55.47773113250732,
    52.8958683013916,
    54.626555824279784,
    54.40447788238525,
    50.8872766494751,
    52.527328681945804,
    51.30149898529053,
    51.018472290039064
  ],
  "val_geo_losses": [
    73.0540054321289,
    69.01539764404296,
    73.79290008544922,
    66.44726600646973,
    71.53548927307129,
    65.63222770690918,
    59.445810890197755,
    61.641710090637204,
    58.77297306060791,
    60.695959854125974,
    60.44921741485596,
    56.54122371673584,
    58.36350631713867,
    57.00147972106934,
    56.68700695037842
  ],
  "learning_rates": [
    1.006595435958317e-05,
    0.0
  ],
  "epochs_completed": 2
}