{
  "train_losses": [
    87.68806420699866,
    62.297708093288115
  ],
  "train_geo_losses": [
    97.4306770656159,
    69.21940427944753
  ],
  "train_mse_losses": [
    0.0045700199656365705,
    0.002458716270190515
  ],
  "val_losses": [
    75.7779712677002,
    74.21562538146972,
    75.0599292755127,
    70.83519477844239,
    71.40997695922852,
    67.36324043273926,
    63.420489120483396,
    61.79283199310303,
    64.20233535766602,
    59.99409103393555,
    59.03042125701904,
    59.8833101272583,
    59.72227764129639
  ],
  "val_geo_losses": [
    84.19738235473633,
    82.46149253845215,
    83.399613571167,
    78.70549240112305,
    79.34413986206054,
    74.8477783203125,
    70.46696186065674,
    68.65846138000488,
    71.33568420410157,
    66.659867477417,
    65.58913154602051,
    66.53679008483887,
    66.35786590576171
  ],
  "learning_rates": [
    1.5074081390754642e-05,
    0.0
  ],
  "epochs_completed": 2
}