{
  "test_accuracy": 0.7597765363128491,
  "test_macro_f1": 0.6297132751690375,
  "n_train": 833,
  "n_val": 178,
  "n_test": 179,
  "labels": [
    "1",
    "2",
    "3"
  ],
  "best_C": 0.5
}